game_id,leader_id,follower_id,score,time,bucket
2a5cfdeee7524713bbc235844d2a55bd,92,99,0,2019-01-27T20:05:00Z,bucket01
721b2cca3a0e4b66bf4c06bcd422e8ec,20,27,8,2019-01-27T20:06:00Z,bucket01
5d286a5b5cb94434838d399c4504bf3c,96,103,1,2019-01-27T20:06:00Z,bucket01
5aa61acc075148509130679e7abe0761,99,44,0,2019-01-27T20:11:00Z,bucket01
1fd756a4442c472cb4a800b7c8ec7d43,98,65,2,2019-01-27T20:13:00Z,bucket01
3bbb4a76df9a4c87a850897f3ba09380,99,103,1,2019-01-27T20:18:00Z,bucket01
91c32ad318d74f27a977e3e51a701fcd,5,126,0,2019-01-27T20:19:00Z,bucket01
e60f9e34d08240489fe4fd657942d6a1,96,84,0,2019-01-27T20:20:00Z,bucket01
e78ee066a4f34f32bbe03d892fc0ac51,27,46,13,2019-01-27T20:22:00Z,bucket01
523569aea2cc4309a00d505436dc02de,65,98,0,2019-01-27T20:24:00Z,bucket01
e8920343bd5945b79fb213eb3e0f0bfe,17,103,1,2019-01-27T20:24:00Z,bucket01
0a62737789d246da96776b0301d30333,96,14,7,2019-01-27T20:27:00Z,bucket01
27b1a89d129f45b0b9164d00b526a641,5,126,0,2019-01-27T20:28:00Z,bucket01
42cd1b22b34f4c9f926dd9056d06ff2f,84,98,9,2019-01-27T20:29:00Z,bucket01
f8ad0e045cdb46459d2a35370dd2aff2,5,99,1,2019-01-27T20:34:00Z,bucket01
16a0bdd39e8b472eac4ab8b351f6efe5,20,17,8,2019-01-27T20:35:00Z,bucket01
729c385ab2554c19828408a97117572f,59,67,0,2019-01-27T20:36:00Z,bucket01
01d5c32493f944e68ea77f318f9910f1,27,24,13,2019-01-27T20:42:00Z,bucket01
e57aa39bbde44eae90bc24704f2104d5,59,99,1,2019-01-27T20:44:00Z,bucket01
bd4b34cb6e3f4263a575e385740a5af0,103,46,0,2019-01-27T20:46:00Z,bucket01
bbac01939ce845abba26ffeb036431c4,103,14,3,2019-01-27T20:49:00Z,bucket01
96ca77c883dd4b90b1e1294fdd7f1c78,103,59,0,2019-01-27T20:56:00Z,bucket01
5b26139e899a4ebe9733e68c00198c25,103,11,1,2019-01-27T20:59:00Z,bucket01
01cb54241c334b28bb1799730fdba106,65,98,9,2019-01-27T21:01:00Z,bucket01
ce1afa3287724a63a24636be8e138aa4,5,14,0,2019-01-27T21:01:00Z,bucket01
f8869e76716340cdbd77b81e532d988f,11,103,7,2019-01-27T21:03:00Z,bucket01
bec6832a8d7c4ec8a12e18d879ccd547,91,27,0,2019-01-27T21:06:00Z,bucket01
2d7f45b91c6e4493bd684f0f8c8c1c98,99,5,0,2019-01-27T21:10:00Z,bucket01
7d6ac7ab0acc451eaeeda30a0d6a83cd,17,27,10,2019-01-27T21:15:00Z,bucket01
25d3b5491724483196550a751fd946c2,5,99,0,2019-01-27T21:16:00Z,bucket01
f42b608f0a394d7e97e21d2dd7564f2f,28,99,0,2019-01-27T21:20:00Z,bucket01
214b0e6b0f74470aae7c7132d3ba4c29,91,5,0,2019-01-27T21:22:00Z,bucket01
8b539c317ec9413abdadb90fe6285bf3,65,98,10,2019-01-27T21:24:00Z,bucket01
9e4941a59ed749b9a59c0da330f057a5,28,14,10,2019-01-27T21:26:00Z,bucket01
e4348039d18a4ac0832c7805494cb2c2,5,11,0,2019-01-27T21:29:00Z,bucket01
e3e857370e2b4954ad264207f3e6f744,52,91,0,2019-01-27T21:30:00Z,bucket01
82e492398509462b84c79201657a85ac,59,81,9,2019-01-27T21:32:00Z,bucket01
d37f8b4be9554312a18c0c236ec06f8a,68,103,0,2019-01-27T21:33:00Z,bucket01
383cb2831ad3430f9a8a773a299cfede,67,46,9,2019-01-27T21:34:00Z,bucket01
e4e9fda59d66435ca39c091cb3279532,5,11,4,2019-01-27T21:35:00Z,bucket01
23619eeeb5cf4a5794a3d90990f6ed8f,52,6,1,2019-01-27T21:46:00Z,bucket01
2b56e99baf8c41c49263fd88befc2ebe,11,28,7,2019-01-27T21:51:00Z,bucket01
9973a00dde38447ab81c50c1e7a5d71e,91,68,3,2019-01-27T21:56:00Z,bucket01
ab8866b09d6e4d9c86ef3f5d79502604,52,27,4,2019-01-27T22:00:00Z,bucket01
6e956cd07aac4c01ab537414a960211f,6,46,0,2019-01-27T22:05:00Z,bucket01
4f28f70df7284531bbdcddceeb04f0bc,11,46,10,2019-01-27T22:11:00Z,bucket01
dd799827e8b1495a806378ff1e792e4b,28,91,5,2019-01-27T22:14:00Z,bucket01
d70a54b3010348bebec984b9496b3978,27,52,1,2019-01-27T22:17:00Z,bucket01
d526ab1ed70e4289ba870409609bbcbf,115,6,1,2019-01-27T22:22:00Z,bucket01
e7c90ce86d4a49d594afad424e02e350,81,103,0,2019-01-27T22:23:00Z,bucket01
f1bdc728f6104898980e48230eb24b40,27,10,14,2019-01-27T22:28:00Z,bucket01
2cc6c5161ae94d3f8dc5bdeb77b6ac54,91,28,6,2019-01-27T22:29:00Z,bucket01
6da9111b046e4f09a70aa4b619c9ad8c,68,81,0,2019-01-27T22:33:00Z,bucket01
bcf9616eafa04118a93ba8ab67345ef3,92,11,7,2019-01-27T22:35:00Z,bucket01
4004f21297c7495e9d27f2ab4dbd4edf,81,46,7,2019-01-27T22:40:00Z,bucket01
169a5a5cff7b42a3a5517eebfdb6f81f,6,103,3,2019-01-27T22:45:00Z,bucket01
27ec58386c6044b49ffb10ea8cb546d6,103,46,0,2019-01-27T22:58:00Z,bucket01
70e127dfce11452db5c3b79e956cc454,10,81,1,2019-01-27T22:58:00Z,bucket01
5dca78288d614ae2a68b69c17606c0ff,52,11,0,2019-01-27T22:58:00Z,bucket01
6a4e0a0cb32f405f8a3773e534e995ab,103,46,4,2019-01-27T23:03:00Z,bucket01
5e9923baa3e44a628b7941a22b0b43c3,103,46,0,2019-01-27T23:15:00Z,bucket01
1c312caf18f846b59a1055573b871503,6,13,1,2019-01-27T23:26:00Z,bucket01
c23b0b580cf54e0fb583abab3ba166d9,68,6,3,2019-01-27T23:34:00Z,bucket01
0f84127f69344b69b46d646181e87c0d,10,81,3,2019-01-27T23:38:00Z,bucket01
58ff17fa769b44b9b53abee8e723c84f,91,55,0,2019-01-27T23:41:00Z,bucket01
dcd03a4a76aa472e9d03544ddf806215,6,81,10,2019-01-27T23:51:00Z,bucket01
1dd6b4da2f54459ea27f373993c5176a,10,28,5,2019-01-27T23:57:00Z,bucket01
050a5f5296df47b2bdcefb18a7d3c36b,28,91,11,2019-01-28T00:11:00Z,bucket01
b98c3b80c9664535b94daf7989925ad0,52,10,6,2019-01-28T00:12:00Z,bucket01
7aba01f4396042bab68b0030fee01915,10,6,6,2019-01-28T00:35:00Z,bucket01
5567555662854a34bd7ea31bc1889b0b,81,28,10,2019-01-28T00:52:00Z,bucket01
a11d07b4824849bebdb86f32517ba52f,28,91,8,2019-01-28T01:13:00Z,bucket01
ded4568fa3254e7bbcb0819f24f5490c,81,28,14,2019-01-28T01:29:00Z,bucket01
ca36ab8789cd448ba7d04c0b326e4184,91,9,7,2019-01-28T01:31:00Z,bucket01
c6e800c9d61449abb652ea2d7811953a,52,81,0,2019-01-28T01:50:00Z,bucket01
902d5c0a94f9492bb942317c101823ad,127,119,0,2019-02-02T15:25:00Z,bucket01
cbbdbe3be3cf45fc8d29018afb2374a8,127,119,0,2019-02-02T15:31:00Z,bucket01
1ece531d15e94ba790d22e867191201c,11,46,1,2019-02-02T15:36:00Z,bucket01
ffc50fb84d0046eea3d39ca09de3428c,119,51,1,2019-02-02T15:37:00Z,bucket01
f3390c5e910b4c8283d915cf4f83533b,127,110,0,2019-02-02T15:39:00Z,bucket02
4ecbd6a0cc7949e3a0b12cc561b46569,119,48,0,2019-02-02T15:44:00Z,bucket02
8671cd7b01a1402da7b63dbc5e1f8ec5,127,46,0,2019-02-02T15:46:00Z,bucket02
dd7b8db1690d419e8c639e7e3d646b6d,51,11,0,2019-02-02T15:46:00Z,bucket02
4b83afc65df949ed8c732b9f04d7bc33,119,48,1,2019-02-02T15:49:00Z,bucket02
06e9bac0a7c949d7bdc8552ed07dc4e1,81,27,0,2019-02-02T15:50:00Z,bucket02
8ea8a05d2ab6498c946be964d5dd95c6,11,95,0,2019-02-02T15:53:00Z,bucket02
1ea5a04943b14de5bd4cc5a2064e4d67,27,119,8,2019-02-02T15:55:00Z,bucket02
c73d08e4ea5f48f18fd28b2bf1f62fc7,98,81,11,2019-02-02T15:55:00Z,bucket02
a40e2fb38b654dfb9467a3b27653e69c,48,46,0,2019-02-02T15:57:00Z,bucket02
cfe914a2d30142ccb8b2075138f135c1,20,127,1,2019-02-02T15:58:00Z,bucket02
b22f529eea2c4489bcc2cc4f4635a264,11,38,2,2019-02-02T15:59:00Z,bucket02
2bbe795288414f22a1680066ccdb28b4,95,46,4,2019-02-02T16:02:00Z,bucket02
f1d8f5deccd742bbb4e2d7122afaeb83,119,65,1,2019-02-02T16:08:00Z,bucket02
980b8f3bde604196877f38568b7f2a22,38,27,6,2019-02-02T16:12:00Z,bucket02
c938180ccac4408a9b52eadce11eacaf,74,20,2,2019-02-02T16:17:00Z,bucket02
8aab9627bae54324ad47dcca2fa383d5,81,98,13,2019-02-02T16:18:00Z,bucket02
70a3f9de9ece4a69bf6155d2017111b7,95,46,3,2019-02-02T16:21:00Z,bucket02
306114ca0c9b4e04ac12c98447917f89,35,127,0,2019-02-02T16:23:00Z,bucket02
7a966542e46f4474b2f0980e5ae3daa8,35,38,6,2019-02-02T16:31:00Z,bucket02
1d831ef713734d25bc77ca8b59da814a,78,127,0,2019-02-02T16:35:00Z,bucket02
f3d66a23e9e34203aa5e4892d0cb7a3d,98,46,9,2019-02-02T16:38:00Z,bucket02
a6369f3c640c4dd387815172c2cb99c0,78,81,2,2019-02-02T16:44:00Z,bucket02
b115eabcec0646fe8110c375cad6f91e,38,95,0,2019-02-02T16:50:00Z,bucket02
c2e5f3514a1544108a651515c920a46f,27,1,17,2019-02-02T16:51:00Z,bucket02
34891c79c0904fcbb92bb91b074680ea,81,59,10,2019-02-02T16:58:00Z,bucket02
7d685419eb894be6a00509cd892950ab,11,78,0,2019-02-02T16:59:00Z,bucket02
c6d1046993cb4d28b5d90c410b3bd2b1,95,9,11,2019-02-02T17:04:00Z,bucket02
687a5ff58e144e6389612fe023a81729,19,11,4,2019-02-02T17:04:00Z,bucket02
2de01a2be721496a94af35c5b0527f2a,2,78,0,2019-02-02T17:17:00Z,bucket02
aa786e30502245f8918a782437d6d95f,27,35,17,2019-02-02T17:27:00Z,bucket02
9ccd084bbf564f7ebe74bd6f5bd96493,78,1,10,2019-02-02T17:28:00Z,bucket02
d4d3360c312d41aaa1cd6e0904dc6998,110,10,2,2019-02-02T17:30:00Z,bucket02
60c80f2c7bc14340a4b7219c81e74512,81,46,12,2019-02-02T17:38:00Z,bucket02
6b73263e8d0145de921991cf6d8902f2,11,62,9,2019-02-02T17:49:00Z,bucket02
a2f59f378921470aac2605ce08d2f91d,95,1,12,2019-02-02T17:54:00Z,bucket02
106c8462022a40f892e66e0fc1163dc7,81,46,14,2019-02-02T17:56:00Z,bucket02
792e3fcb2b884cbd8a3edc72e0b4c122,10,35,0,2019-02-02T18:14:00Z,bucket02
ef16f9228e674514bbfe355de8aa3443,62,46,9,2019-02-02T18:15:00Z,bucket02
2cca33398f4c443f96c6241b0e416883,28,81,13,2019-02-02T18:16:00Z,bucket02
436c60b589894a12be7c32ec910a5b33,11,92,14,2019-02-02T18:17:00Z,bucket02
719b81b35a654826aff73296dab80571,9,10,0,2019-02-02T18:19:00Z,bucket02
cd832adeda524b37bafe4642249a4ae6,9,35,5,2019-02-02T18:24:00Z,bucket02
ddb3ea06648d477a8a0ab9edf5a4984f,19,15,0,2019-02-02T18:25:00Z,bucket02
4b79dec07bc1463fa1a9cea93d36c235,38,81,7,2019-02-02T18:35:00Z,bucket02
db8c872fdce3406598eeaa4ae684b109,28,46,10,2019-02-02T18:42:00Z,bucket02
7b6c9cd5f77a4336b69d77af90175c28,1,70,0,2019-02-02T18:42:00Z,bucket02
96c856fa22724d4098317a9be2e914f4,70,27,4,2019-02-02T19:00:00Z,bucket02
880678162aff4b319843f2e39c7bc8f9,83,46,1,2019-02-02T19:01:00Z,bucket02
24caea53841546c1bdaf44fcac7457d2,95,38,8,2019-02-02T19:01:00Z,bucket02
04daaa73d0e647be9757e6941674a10f,15,52,0,2019-02-02T19:08:00Z,bucket02
97cc0d84953e4c27ba5483ec8744f276,98,81,12,2019-02-02T19:10:00Z,bucket02
75a8875a85cc48d187e2ff62c40ccbc6,1,28,10,2019-02-02T19:10:00Z,bucket02
b31ce9e9fddf4d168b619c20359ed316,10,46,10,2019-02-02T19:13:00Z,bucket02
97f2e15c12534e73bc55957da321f41d,11,52,5,2019-02-02T19:14:00Z,bucket02
d6ba7afe60384557ab8355d2952587fc,27,38,9,2019-02-02T19:21:00Z,bucket02
61a595d99f6644b6b2c7e4ddcb51b318,67,95,0,2019-02-02T19:25:00Z,bucket02
1c650c2b18d34887a8c1e9d9380ced80,52,11,8,2019-02-02T19:31:00Z,bucket02
58fca9c38c62428582e9d93228f62790,70,91,1,2019-02-02T19:34:00Z,bucket02
101bf1bf7b6e4023b8afe9d718601152,19,46,5,2019-02-02T19:35:00Z,bucket02
d90d823b502041a68b53be4edd2befbd,84,98,10,2019-02-02T19:38:00Z,bucket02
6cb2110f88374bbe9ac794d85e216687,28,1,10,2019-02-02T19:39:00Z,bucket02
6dfbbd49ce274ec7a9d462a2aa5966cc,27,38,13,2019-02-02T19:41:00Z,bucket02
b234e60e0991409c8b0e8b2f0bb8ec28,67,91,6,2019-02-02T19:47:00Z,bucket02
f70e897898b44401a63003cdf9aea248,11,46,10,2019-02-02T19:53:00Z,bucket02
d9ee44cdeaaa4ad8982966265e4f9ca2,28,81,9,2019-02-02T19:58:00Z,bucket02
f1fae5352f324d27b35020b98217822b,98,17,11,2019-02-02T20:00:00Z,bucket02
9f58298c8df24e93bed151675b3412de,6,47,0,2019-02-02T20:01:00Z,bucket02
4fb7e48951194eb3affa75e9abf4de88,115,27,11,2019-02-02T20:02:00Z,bucket02
f1d4029726d046b99593ef0e2106800e,87,10,1,2019-02-02T20:03:00Z,bucket02
c23367aa875748b0a520e55a2541cd6c,38,6,0,2019-02-02T20:08:00Z,bucket02
81822436e11145a39ec521ff631af5ec,47,91,0,2019-02-02T20:09:00Z,bucket02
33a8e5e33167436695f96d6240e58c81,52,67,0,2019-02-02T20:10:00Z,bucket02
e1160197af4445fca6cecc18203ebbe9,87,10,0,2019-02-02T20:12:00Z,bucket02
b8193386472345e2a572aaa361994233,38,15,1,2019-02-02T20:13:00Z,bucket02
f2d4996e08814ee187870f8e2a03dca1,28,6,13,2019-02-02T20:16:00Z,bucket02
2698018b9551464097eee0ddcf4b693e,52,81,11,2019-02-02T20:16:00Z,bucket02
faaa77d1813c4b5daf3b57914d68461b,36,95,1,2019-02-02T20:19:00Z,bucket02
46ba21ca29dd447db483e63ab685eef8,11,103,11,2019-02-02T20:21:00Z,bucket02
9235d815fb924bcc867278a406dba432,98,87,1,2019-02-02T20:22:00Z,bucket02
e8def0333ee84eadb5b42c3bfb06a6c6,47,38,0,2019-02-02T20:24:00Z,bucket03
9b5e05a9f9a24a4b83165c5424c68a52,14,46,5,2019-02-02T20:26:00Z,bucket03
b5fbbf9f393d4c5f8e4dc59a29566f06,47,60,9,2019-02-02T20:30:00Z,bucket03
110bed905f514b4a8a7faed038a10d57,95,27,14,2019-02-02T20:31:00Z,bucket03
d927bca26ecf42ae955027d44ccd1a6c,17,67,10,2019-02-02T20:34:00Z,bucket03
d9e03ca445cd4edaa692adc969f4d216,81,10,9,2019-02-02T20:35:00Z,bucket03
d86c10e2f6d24070841cd0ee24fa9a34,6,28,4,2019-02-02T20:37:00Z,bucket03
23defc6e29d94886917326bb263b5063,9,14,8,2019-02-02T20:44:00Z,bucket03
a7d0ebfa4e864b5398133e7e930e85cd,98,87,10,2019-02-02T20:45:00Z,bucket03
2cd13006ad3441a7992420d512e37b0f,103,46,7,2019-02-02T20:47:00Z,bucket03
dcc6eb1712664251abe56472b8548b4b,11,36,8,2019-02-02T20:48:00Z,bucket03
966bd60a569b42a59c648ab44e089ecf,27,81,12,2019-02-02T20:55:00Z,bucket03
103435aa61004569bd4a4e70dd86f6de,115,126,10,2019-02-02T20:55:00Z,bucket03
5ff2224e2dee493290f36bc45f4835fa,6,10,10,2019-02-02T20:56:00Z,bucket03
b7f7fe37e80e499aa28cfa87ac2844a8,58,95,2,2019-02-02T20:59:00Z,bucket03
b30eacb6f3ce4f6184a6e9261d447a83,1,28,6,2019-02-02T21:02:00Z,bucket03
47ae3bdec39a45919bca82486c787286,103,46,6,2019-02-02T21:03:00Z,bucket03
e27bc1e34f6a4d01a902ad817a69009e,9,98,10,2019-02-02T21:04:00Z,bucket03
544cac7e28554359bc09ce85b7b612da,60,14,0,2019-02-02T21:07:00Z,bucket03
e8121debf1dd4ed783b77067fb813ca7,55,91,0,2019-02-02T21:13:00Z,bucket03
0091f7b9850c4b55b468f6dbd5193d83,11,14,15,2019-02-02T21:14:00Z,bucket03
90ce14d9dc2843f8bb8e0ac0ae5b022b,58,95,2,2019-02-02T21:16:00Z,bucket03
b97e2b066afc4ab6a708897107c03e20,81,27,13,2019-02-02T21:17:00Z,bucket03
f64dbfcbd1774f549fff3f0557d5e213,103,72,11,2019-02-02T21:17:00Z,bucket03
e4dd42fea13e4ec3b84e65f98eb02a06,55,46,1,2019-02-02T21:18:00Z,bucket03
e629de629edc4d12ba351f726062ed7a,91,115,9,2019-02-02T21:19:00Z,bucket03
05130ad305004250910b3f27b2f4ccf4,55,46,0,2019-02-02T21:26:00Z,bucket03
fecd9986816d4600a30a9253ca280b17,38,93,0,2019-02-02T21:29:00Z,bucket03
0f8746fee7124864b3956911ea23a87f,55,95,1,2019-02-02T21:31:00Z,bucket03
700e8cb08a57415ab1905b665fb757bb,6,98,9,2019-02-02T21:31:00Z,bucket03
9fafa1cb854348b7bad16a3b95260288,28,46,14,2019-02-02T21:31:00Z,bucket03
0fbdfdb3d46e4e41a1c13498f5dcc55f,58,9,1,2019-02-02T21:32:00Z,bucket03
266267de18f24a63ab551c8386139caf,43,93,0,2019-02-02T21:36:00Z,bucket03
57371b5c34de408ca36a1034a08ee91d,81,95,15,2019-02-02T21:39:00Z,bucket03
528d5ccaa50a4768879b8b3da9e00556,103,55,0,2019-02-02T21:43:00Z,bucket03
d08bcade389e4f81a5d2e979350a7624,9,43,5,2019-02-02T21:44:00Z,bucket03
27da0ec7c0364ceeb0744fe5e70541ff,93,72,1,2019-02-02T21:45:00Z,bucket03
81e2485989834824a1dcb73b4c2f6cf1,28,103,13,2019-02-02T21:50:00Z,bucket03
193d21a2bfc84c54899bbce736fbbca7,123,36,0,2019-02-02T21:51:00Z,bucket03
cec909934256477787f78c51186ab94c,72,27,1,2019-02-02T21:55:00Z,bucket03
462810eeae0d4843a8531669e1ba859b,36,81,1,2019-02-02T22:00:00Z,bucket03
7b7267d3a09249ee8db5e6479c714696,95,6,0,2019-02-02T22:01:00Z,bucket03
135cc7b3c83745ccb5d8ae6819c6182d,9,27,13,2019-02-02T22:06:00Z,bucket03
d4fc5c2663f245aab6505337e0b00c55,43,95,2,2019-02-02T22:07:00Z,bucket03
bf0bd2de8aca40a7994002454b04285a,72,28,4,2019-02-02T22:09:00Z,bucket03
89e72845fa1b43fba66de4d50ae8cc76,103,1,9,2019-02-02T22:10:00Z,bucket03
c158a941245b4ecab830dee9ac48363c,81,6,9,2019-02-02T22:11:00Z,bucket03
fe629e894f6e47eb8b9c9c07901a18f3,1,91,6,2019-02-02T22:24:00Z,bucket03
4ae6e912d71343b5bd5561044e13ab05,28,72,12,2019-02-02T22:28:00Z,bucket03
366f493cdf1e4077958949ed9ef93995,27,14,16,2019-02-02T22:32:00Z,bucket03
d18b0a8be2c14e4c95b7879542be37ef,58,81,8,2019-02-02T22:40:00Z,bucket03
532717d4e7b345209d13ee9a08e384a5,62,1,9,2019-02-02T22:45:00Z,bucket03
6602a32deaa04b4fb4fede6e9f970627,28,6,9,2019-02-02T22:48:00Z,bucket03
4967e349df0a4afc921d3a12c8f1286d,72,43,8,2019-02-02T22:53:00Z,bucket03
fd34d174ca50450a908ede00b9a8b0a6,1,62,0,2019-02-02T23:18:00Z,bucket03
e267c3bc5aed4413bce9c971ecf7aa21,72,91,8,2019-02-02T23:29:00Z,bucket03
67b544e0fe604e1a9cec4eb9939a839d,81,9,5,2019-02-02T23:32:00Z,bucket03
aa62833fe3184d548b5ff21fcbd5fd3d,55,6,0,2019-02-02T23:33:00Z,bucket03
f0a82801e6c34df1a285ed2e9dd33d0e,28,27,15,2019-02-02T23:34:00Z,bucket03
e66461a385e3417badd67c479b790200,6,58,9,2019-02-02T23:39:00Z,bucket03
8d67b8fe34b74de4bf46db13599f1891,95,127,0,2019-02-02T23:40:00Z,bucket03
3030e4de84184ea8ab943b84adeaddd0,98,73,11,2019-02-02T23:43:00Z,bucket03
b997c0af29d6447e8870424c44140e7f,115,46,8,2019-02-02T23:44:00Z,bucket03
334606c88e3544208c8cec884d593955,9,11,15,2019-02-02T23:46:00Z,bucket03
75441dafa0ce4b77a92e0c4a970846e9,62,81,8,2019-02-02T23:47:00Z,bucket03
b97900215ad448b39c90f91d5ddd7e3a,110,14,0,2019-02-02T23:48:00Z,bucket03
c8f441ae3661488db03c9c4911cf9fea,110,28,0,2019-02-02T23:55:00Z,bucket03
858270c66993440185e086d6cc324fa1,27,14,18,2019-02-02T23:56:00Z,bucket03
843a02d724e44445bcdc48080c5bf528,72,127,7,2019-02-02T23:57:00Z,bucket03
1532f732015f4c469967c2ac45e5d0a2,10,95,13,2019-02-02T23:58:00Z,bucket03
0e0e11c20e96485dae7a8f26f1e7a46c,91,29,13,2019-02-02T23:58:00Z,bucket03
50f4fb457c9f44cc815f147535cf12c1,110,28,7,2019-02-02T23:59:00Z,bucket03
f4098f38d1ff45ab8c0cb51d48169d7e,123,46,0,2019-02-03T00:04:00Z,bucket03
aae65e3792824c08a44413d931dc5e0b,81,46,12,2019-02-03T00:10:00Z,bucket03
90c0801068544f41807df6c21888d668,9,6,4,2019-02-03T00:14:00Z,bucket03
e9d0691462b14ce5b9471e7b621b203a,11,95,13,2019-02-03T00:17:00Z,bucket03
75817b5ff8fb4381a81122ba8c6b0b32,43,127,11,2019-02-03T00:22:00Z,bucket03
70867aae063043c78dc11ca05398caa3,10,115,9,2019-02-03T00:23:00Z,bucket03
ce71d2572a1e42678ae1737cb89b2c06,72,98,10,2019-02-03T00:23:00Z,bucket03
1b26797a95384edb9b37fc4aa903f7af,90,29,0,2019-02-03T00:25:00Z,bucket04
1bb889ef0f664816afadaa4ae43ebf1d,58,38,8,2019-02-03T00:27:00Z,bucket04
1e1b7f862a0f4be78b37865bb4ba1354,81,29,15,2019-02-03T00:33:00Z,bucket04
6393dc5b6f5a4fdca0522f3232bb53ca,28,103,14,2019-02-03T00:33:00Z,bucket04
dff808883060408096b8a5bd2dcbc9e5,87,90,0,2019-02-03T00:34:00Z,bucket04
c5daa71a252641e78eae9beda1e0344a,9,46,14,2019-02-03T00:37:00Z,bucket04
cbfc04c8029643bd978f847d1acdc900,73,115,12,2019-02-03T00:41:00Z,bucket04
aaad5a66caab4fef835ba06c253bb8e0,6,90,1,2019-02-03T00:45:00Z,bucket04
22d3d0e04688415e8f7b8681827debc6,127,43,0,2019-02-03T00:48:00Z,bucket04
156f91abba234f5992e49002deae9ec6,72,4,3,2019-02-03T00:49:00Z,bucket04
267db1c6bc5f4fdebec9691cb6d18637,43,14,4,2019-02-03T00:53:00Z,bucket04
045bea8e1d2f4b5892560d519de98ff6,81,127,11,2019-02-03T00:57:00Z,bucket04
4c9667e5888849bbb47766e4651720b8,118,28,0,2019-02-03T00:58:00Z,bucket04
f32be4191be74dec968c5e8486ce31ba,90,6,9,2019-02-03T01:00:00Z,bucket04
8549eac8baa341469e41109174743d24,29,10,7,2019-02-03T01:03:00Z,bucket04
a5b75fe9fca342a3af47113924cb7785,73,115,11,2019-02-03T01:05:00Z,bucket04
97aa8fab06e44ee38814287feaefbe56,11,46,12,2019-02-03T01:06:00Z,bucket04
672ff48dd11440f0aae410f8e779117d,87,25,6,2019-02-03T01:06:00Z,bucket04
c58ef6fc2bd04f9ba820aa4d1387671d,72,28,12,2019-02-03T01:08:00Z,bucket04
85b5cdb316e04757bbff7185889c1afd,103,98,11,2019-02-03T01:09:00Z,bucket04
cf505d2c184049e0ace1e3abc03eee5c,70,78,7,2019-02-03T01:10:00Z,bucket04
236dc3b1cdbd419cbbda9336eb032bdb,110,95,8,2019-02-03T01:11:00Z,bucket04
b10bc0bed73d42ddbda2742864393fe9,43,1,9,2019-02-03T01:13:00Z,bucket04
9be104dc5c964ac4bc46b99cf7943b7e,81,58,10,2019-02-03T01:17:00Z,bucket04
3f3228b77c9442cd9b89e2ef37fa6004,121,91,0,2019-02-03T01:25:00Z,bucket04
758f562f16b9462d81c86c688613ca45,6,14,1,2019-02-03T01:28:00Z,bucket04
6655686b810743c28a48826b12990069,110,90,6,2019-02-03T01:29:00Z,bucket04
ac6a3ca9b7834372bdb0ecb86c44b012,73,28,15,2019-02-03T01:31:00Z,bucket04
a7f226196a4c4323b66e5f5f2fe21bb4,78,85,0,2019-02-03T01:34:00Z,bucket04
69af3f0c45234efc89f543652fa78bce,43,46,15,2019-02-03T01:38:00Z,bucket04
db171f1ff15946eda27805d0a6ae67ac,78,81,4,2019-02-03T01:40:00Z,bucket04
a0d6d9f24b0748a3be627b792ec4384b,11,58,10,2019-02-03T01:43:00Z,bucket04
5850003309bd4b4eaa0899bde15a42d9,6,98,13,2019-02-03T01:47:00Z,bucket04
0130f0549bda43f9b5ec6a1e531cbbc6,29,87,11,2019-02-03T01:52:00Z,bucket04
8f77f3b5866b4b03b6fb46b31a9afeb8,103,14,11,2019-02-03T01:55:00Z,bucket04
805197d17dea44319eb6f9592f1a05f5,28,73,12,2019-02-03T01:55:00Z,bucket04
ecd4f5b8e6264087859c9f04e795f387,81,68,10,2019-02-03T01:59:00Z,bucket04
b4a2f3872a2c4574a1053cd004dc3ef4,17,9,12,2019-02-03T02:03:00Z,bucket04
aec4ee888b484be99c9d9c0065f82b30,85,91,9,2019-02-03T02:04:00Z,bucket04
dfdee9f0ccb945cc91ccede1b2975ccd,121,46,11,2019-02-03T02:08:00Z,bucket04
6fb011765e39459f9fd9355ce021ad76,43,28,0,2019-02-03T02:18:00Z,bucket04
f50f8c39b170471890bb9be7f0e9fbdc,29,87,9,2019-02-03T02:20:00Z,bucket04
cf3c38ff4ce747e38299ee9a71375e6e,35,6,7,2019-02-03T02:21:00Z,bucket04
83317d76b98a4cfba2bcb2b69ae05cb3,58,43,3,2019-02-03T02:23:00Z,bucket04
cdd532a2dd2c4aa186f2d99383a3f7f0,62,95,12,2019-02-03T02:33:00Z,bucket04
2e826209b41b4107becbf40cfff3e1f3,17,46,15,2019-02-03T02:40:00Z,bucket04
30aa1e48527146d6890d62931b271ea3,43,28,11,2019-02-03T02:43:00Z,bucket04
f430c87ce1a84732bb72e7b0d1b37161,72,87,1,2019-02-03T02:46:00Z,bucket04
3dec34ce7a5d40539d56c09584cdd46b,29,6,14,2019-02-03T02:48:00Z,bucket04
b94c32a19b2b4623bc25c70d0c7a370f,91,81,10,2019-02-03T02:57:00Z,bucket04
0ddb9406acb74c7cbcbabef2d7c56e7f,9,72,9,2019-02-03T02:59:00Z,bucket04
fbc4e148bc454e679d14c35411bbf4ba,118,46,6,2019-02-03T03:02:00Z,bucket04
63cd2c2581534503be009f344be503e9,72,28,9,2019-02-03T03:27:00Z,bucket04
5cd2c70cfce34586a2df172fca46bd27,37,10,0,2019-02-03T23:23:00Z,bucket04
b79d15b8209545a09efa3230f7908267,81,14,11,2019-02-03T23:24:00Z,bucket04
1b4143a436f94c999c348531bb579509,62,46,0,2019-02-03T23:27:00Z,bucket04
e1ca3c74a2a44081925a39c1720901d6,115,72,4,2019-02-03T23:27:00Z,bucket04
0da0b607b5504d8e91de62db6564991b,17,35,15,2019-02-03T23:28:00Z,bucket04
ec5b0af6f47946e18a0ded63b8d96140,20,23,6,2019-02-03T23:29:00Z,bucket04
44d08ce9718b4b5bbb8f7ec46d86f732,10,73,12,2019-02-03T23:32:00Z,bucket04
c2456ed43ad44fb086bef15cdaea1e10,28,65,11,2019-02-03T23:32:00Z,bucket04
0d73c4a04fbd42fe870e314f054f6b68,62,76,10,2019-02-03T23:33:00Z,bucket04
d5baef6cf2ae4ef28d36f7a30039bf01,37,46,4,2019-02-03T23:35:00Z,bucket04
e481d934fd9d4ac5af97e6f28205d42b,123,126,4,2019-02-03T23:38:00Z,bucket04
92308a20277443568861aafdd19c4c46,98,109,15,2019-02-03T23:40:00Z,bucket04
5940a52309f641d49ff4eb0c419d7b77,81,103,9,2019-02-03T23:45:00Z,bucket04
4b19fcb6d7334f53ab03507b05c3a9d3,95,72,15,2019-02-03T23:46:00Z,bucket04
b767904aff1f42bda3cccf0845f11f3f,73,87,8,2019-02-03T23:53:00Z,bucket04
2f06ed7d493940a38b028bac2939c58b,126,65,2,2019-02-03T23:54:00Z,bucket04
bd613b4a79fb4381bb451763f438b78b,27,28,13,2019-02-03T23:56:00Z,bucket04
c3d8b06ac64f40df97ec7a2b1fb4f715,76,46,0,2019-02-03T23:57:00Z,bucket04
c64190aea07a427191b0e760ff690878,23,11,3,2019-02-03T23:58:00Z,bucket04
259084ba0de2494daab2e72c8bddb7cc,126,6,8,2019-02-04T00:00:00Z,bucket04
40892b250d0044c08357e774947e5329,76,98,11,2019-02-04T00:02:00Z,bucket04
341d6bffdc68424d8efa08af12ea97fa,63,46,5,2019-02-04T00:03:00Z,bucket04
1e89ca3340d04497a90c720c097a2a9d,65,62,0,2019-02-04T00:03:00Z,bucket04
3b2c44781d41429ca9aba8730ec1d762,109,113,0,2019-02-04T00:05:00Z,bucket04
417536017fa14b81aa699cdd130e82f8,62,18,6,2019-02-04T00:08:00Z,bucket04
43260f4cc74544edb5f2667ee823fa84,103,115,3,2019-02-04T00:12:00Z,bucket04
1bfc7dc990644ddd8124c155fadd61e2,35,65,10,2019-02-04T00:13:00Z,bucket04
c9a111d414bd4785982b00c345eb6506,95,27,16,2019-02-04T00:15:00Z,bucket05
ba3a3fa0068e45158c0c0ab830290995,11,113,0,2019-02-04T00:17:00Z,bucket05
b8cff3d5143b4f34a796252599f72ac1,28,6,12,2019-02-04T00:18:00Z,bucket05
23f8b9f3d12849899c312852137bbbb5,73,98,14,2019-02-04T00:20:00Z,bucket05
a259136a9c2746329856d55d71a1718d,115,87,0,2019-02-04T00:21:00Z,bucket05
576af0b421cf43acbdd488a589cb4a75,17,103,13,2019-02-04T00:25:00Z,bucket05
01706a721f334e97b6519cbb0077e959,70,87,6,2019-02-04T00:30:00Z,bucket05
6239d266289e414d9c54a057a4755f08,76,81,13,2019-02-04T00:32:00Z,bucket05
429665fbf6ea41e7b818b72e77b11b96,72,46,4,2019-02-04T00:35:00Z,bucket05
023938ac55e742eeb9238e46d657bf1d,126,11,12,2019-02-04T00:37:00Z,bucket05
564d94acd3e34a8a8d1c40f6be6cc8f7,1,109,0,2019-02-04T00:40:00Z,bucket05
bdf63a9e79654716a4f84e34298e56b8,10,123,13,2019-02-04T00:40:00Z,bucket05
e8f5c17f8e444388892dcd23ea7fed1e,27,95,15,2019-02-04T00:41:00Z,bucket05
0e0884a155b14dd3a28cc68668681282,85,56,1,2019-02-04T00:44:00Z,bucket05
ea44fd09113c41e3ac4fa23753edcb09,98,73,13,2019-02-04T00:45:00Z,bucket05
b28d61dbd68b42cbb2edf13737dd76b4,48,109,6,2019-02-04T00:46:00Z,bucket05
d65a8d81ec7047a787006727b10fb7f7,1,28,11,2019-02-04T00:46:00Z,bucket05
5d69eacdc0414362a88bfea07650734a,17,35,11,2019-02-04T00:51:00Z,bucket05
ae0b4b07ce3d46ba880fdace25ed1663,81,46,11,2019-02-04T00:53:00Z,bucket05
ce7e6e5cf8aa4d36891e9b5c0a29063f,126,11,13,2019-02-04T00:55:00Z,bucket05
7546130ba51040cb820fb4191cf1167e,109,56,0,2019-02-04T00:57:00Z,bucket05
2b22f3a7ffdf4011a7950315eb425f3f,72,85,12,2019-02-04T01:00:00Z,bucket05
c1671e5e23ac4e668148037f0f51dc5b,109,28,15,2019-02-04T01:05:00Z,bucket05
0f160d82497d4b51a359befe9e4ba6cc,95,103,17,2019-02-04T01:06:00Z,bucket05
e00f173a9aad4f52bb53471ac56a2f6d,92,27,12,2019-02-04T01:07:00Z,bucket05
b3a806298122442f820bdf18ba2342d3,115,73,10,2019-02-04T01:10:00Z,bucket05
3466634c087e433782e6b765688829e3,81,17,11,2019-02-04T01:15:00Z,bucket05
344cf4878a734dd8a6e72a4136c6733f,58,35,8,2019-02-04T01:24:00Z,bucket05
379f0b2df001492fbad91e9c5640b0de,113,27,0,2019-02-04T01:27:00Z,bucket05
936306b5ceeb47eeb3192800c81e620a,56,109,6,2019-02-04T01:27:00Z,bucket05
62b0d58c46674637ab7f8ccc04333d08,64,46,3,2019-02-04T01:28:00Z,bucket05
1a2ca93bf4ef4b4c8cde5fbbd7379519,10,92,13,2019-02-04T01:29:00Z,bucket05
3d5a9b469a14455da2017960479b15ff,103,115,8,2019-02-04T01:30:00Z,bucket05
9e2bc0d9546e4519829d92f49619ee5b,11,38,12,2019-02-04T01:31:00Z,bucket05
1e2b0d5ee4d5479e91a7cc8853af3102,81,27,14,2019-02-04T01:35:00Z,bucket05
eecb2b22fb4547739be0d9a6f157dc93,1,28,12,2019-02-04T01:35:00Z,bucket05
313e1b14b25542baa0daae20d93b04c2,73,98,15,2019-02-04T01:37:00Z,bucket05
3048fca8b0624800b716a34dd2e0ba8a,85,123,1,2019-02-04T01:37:00Z,bucket05
e798b512ef5443618eea7e6eded5272f,87,43,10,2019-02-04T01:38:00Z,bucket05
9ad9775d384e4163b1bfa4a4d31d4efa,95,46,16,2019-02-04T01:47:00Z,bucket05
501364480a7f40e58414bc72d0474562,10,126,9,2019-02-04T01:48:00Z,bucket05
791529ad0e9b4569afd72aac342190a3,103,115,10,2019-02-04T01:51:00Z,bucket05
17a2d55aeff34fcbabe94fed713a6ffc,56,72,12,2019-02-04T01:51:00Z,bucket05
1e5ef665d9b1425da8d98f3ad0376986,70,64,3,2019-02-04T01:55:00Z,bucket05
9f9bb3a3b3b449909a639a86594dc436,28,88,9,2019-02-04T01:56:00Z,bucket05
3f0114c4219147caaac6252aaf7f4e14,87,65,11,2019-02-04T02:00:00Z,bucket05
25f0f38ec12640b0bf9aee1c4741d00f,92,25,8,2019-02-04T02:00:00Z,bucket05
7450a1e4402a4e23a31096103f36af73,38,17,11,2019-02-04T02:02:00Z,bucket05
3d2c8d2a3d1c48028a867314f3df172b,81,98,14,2019-02-04T02:05:00Z,bucket05
42bfda402c8b4226a7b861c2ad35c66e,127,27,12,2019-02-04T02:09:00Z,bucket05
7191ce2ede8d4cc9ad0f9b6570313d74,115,70,5,2019-02-04T02:11:00Z,bucket05
9f76623ae4d542568768b9245e069ac0,29,46,12,2019-02-04T02:12:00Z,bucket05
5ee39e3ebdd84d4ba0e80b85d720f6bf,10,95,13,2019-02-04T02:13:00Z,bucket05
e065a66201db4a20a8b53b1f79f15a8c,88,28,11,2019-02-04T02:17:00Z,bucket05
29abbb0656d14ea0b33731aa4900aadb,92,35,0,2019-02-04T02:22:00Z,bucket05
f080d27982c9474ca6beed52b8504b9c,123,72,11,2019-02-04T02:23:00Z,bucket05
eb98482fa0f844f8be9f848571fc460f,17,56,14,2019-02-04T02:25:00Z,bucket05
934eb140a393408eb15a2c0285825844,35,26,1,2019-02-04T02:26:00Z,bucket05
b0d0e055574c499095d32cf1e5120146,92,58,4,2019-02-04T02:27:00Z,bucket05
747fdba43a05474f939fc82ddd39ab46,115,98,7,2019-02-04T02:29:00Z,bucket05
62a5ac4cd7fc46739ec5970d254a8771,81,70,10,2019-02-04T02:32:00Z,bucket05
ffc81aaa6b214cf1b0b357bfce731f06,27,35,19,2019-02-04T02:34:00Z,bucket05
e6477054b1d64ae088ac2d8b2e1273bc,127,46,12,2019-02-04T02:34:00Z,bucket05
f97d23a218fe44229e05b0bb8c5d807c,10,43,12,2019-02-04T02:34:00Z,bucket05
c2fcb6c06608432a841b4bea7261b560,95,126,16,2019-02-04T02:36:00Z,bucket05
680fc0826a354655878e46d732743765,1,28,12,2019-02-04T02:40:00Z,bucket05
ebef3cc4fc7f4a5780bf2ed915bb64e5,29,58,11,2019-02-04T02:41:00Z,bucket05
1e0fd15bcd874c81b8e5003d177865d3,25,26,8,2019-02-04T02:43:00Z,bucket05
1ed1218e8d454a2a83d81f805d06b138,17,73,11,2019-02-04T02:44:00Z,bucket05
5fabf44ef92a44c497c7b8173e3a6fee,7,56,0,2019-02-04T02:44:00Z,bucket05
1bdb31762b3744fa90f352157aae43d2,92,72,10,2019-02-04T02:48:00Z,bucket05
45ecfb2eb4d846d5b083b07de352a5e0,11,123,7,2019-02-04T02:49:00Z,bucket05
9f8632030a174010b78e7e23329e304e,56,87,5,2019-02-04T02:51:00Z,bucket05
fbc4c4414cab487082db45182bfa9286,115,43,8,2019-02-04T02:54:00Z,bucket05
212cee8b24354d12be948b746e352406,27,10,14,2019-02-04T02:56:00Z,bucket05
f9cab9caf18a412e8b97ea454dd9d126,65,46,10,2019-02-04T02:59:00Z,bucket05
8bede7e7a5bb46db84c2e412ec413ef4,127,1,1,2019-02-04T03:00:00Z,bucket05
900e486dda4149f38e18bf0fb7ee73ec,40,126,0,2019-02-04T03:04:00Z,bucket05
d7562a993b1642079e9737a9198d83b1,95,88,15,2019-02-04T03:07:00Z,bucket05
3b0bc8c944b3422580a727e365737f8a,25,29,10,2019-02-04T03:09:00Z,bucket06
3758f38a81254b82a3b95f3cce3a9ffc,1,92,1,2019-02-04T03:09:00Z,bucket06
feb454b7d5d447d9a7a588b93906a28f,103,127,6,2019-02-04T03:13:00Z,bucket06
b1f650b4c76743849a03b5ea0c6bc58f,40,11,0,2019-02-04T03:15:00Z,bucket06
ccf5d3a64214455ca32973b9331dcb5b,56,30,9,2019-02-04T03:15:00Z,bucket06
b86ec26f5ccf4ebda48d62fee265b262,1,28,0,2019-02-04T03:18:00Z,bucket06
2890de0608044940a03fd63ed5d6dba9,65,43,14,2019-02-04T03:19:00Z,bucket06
4244187ac6514222bf0dff7d95148d96,35,72,14,2019-02-04T03:19:00Z,bucket06
2cca383e3b6b464b9cde1f54dbf17665,92,28,8,2019-02-04T03:24:00Z,bucket06
b6141cd8e567471eb865fdadf2582875,103,115,3,2019-02-04T03:26:00Z,bucket06
2f3fdb41f99f41369181d689b2fcf217,126,58,6,2019-02-04T03:29:00Z,bucket06
d18e596e94d24d9d9f8a7688a1794b1a,25,40,9,2019-02-04T03:30:00Z,bucket06
346e50e8e55a4656a2f1d5c8f2684a21,81,127,5,2019-02-04T03:31:00Z,bucket06
7e065f389e674923a355b7d087ce4943,73,95,0,2019-02-04T03:34:00Z,bucket06
9dc0f7840d0745abb110b4397c634bde,17,88,15,2019-02-04T03:34:00Z,bucket06
49d58372c5824707815c1b7f9462f03f,29,14,14,2019-02-04T03:35:00Z,bucket06
6a147066caff4ea0b0db600f07ee9e1f,115,103,9,2019-02-04T03:36:00Z,bucket06
cecbb2370ff3444d960c23a60954a240,11,1,12,2019-02-04T03:38:00Z,bucket06
f5c00e472b5b4065beea10077cc6d693,73,95,14,2019-02-04T03:40:00Z,bucket06
c28abc706bea4000acc77b9429f619e7,28,46,17,2019-02-04T03:41:00Z,bucket06
1664b6c919d04287965041102e1e43f9,35,65,13,2019-02-04T03:42:00Z,bucket06
80469ec7432a435f92ed77cbd6932df3,62,27,10,2019-02-04T03:44:00Z,bucket06
68484696369f4978a1f600077c494d86,72,43,10,2019-02-04T03:46:00Z,bucket06
b91c7f23d03f47a5b4f50751d2702347,30,81,7,2019-02-04T03:51:00Z,bucket06
97a644002be14119b5827ab5aa080c69,17,88,12,2019-02-04T03:56:00Z,bucket06
c9e963b037de442da40103d1c4350296,87,103,8,2019-02-04T03:59:00Z,bucket06
267c192a0bb84cfd82949f47e11acf8f,29,46,14,2019-02-04T04:04:00Z,bucket06
04787d30df74450091db90b8679da4dd,28,1,11,2019-02-04T04:05:00Z,bucket06
cec3a3965a0548a5958ef3055bb33e1f,85,11,9,2019-02-04T04:05:00Z,bucket06
bd9add9f62914e078355b2f21a7b10bc,27,43,10,2019-02-04T04:14:00Z,bucket06
69766ef17695443aae4372111fdc5a1a,30,72,7,2019-02-04T04:16:00Z,bucket06
452f46b6632c4bd0b68c2907f9c68153,87,17,11,2019-02-04T04:19:00Z,bucket06
4c72191ba2e8478ba11ddca679cac216,28,103,14,2019-02-04T04:27:00Z,bucket06
287ba74e20ce4817b6e543e99167c490,123,35,10,2019-02-04T04:28:00Z,bucket06
7af10319594a406fa85a7147a8d1f121,11,10,6,2019-02-04T04:29:00Z,bucket06
e770b3a4650c4305babef9915edc175f,85,46,10,2019-02-04T04:32:00Z,bucket06
8945b11e48c54654911d530352f0709a,43,17,13,2019-02-04T04:41:00Z,bucket06
1ee33bea87564a3a9f99e4cbfe1ff313,72,58,10,2019-02-04T04:42:00Z,bucket06
8afe266c315d42388a6d217562382d15,87,103,8,2019-02-04T04:48:00Z,bucket06
9808439f90eb470ebd66543d8add9985,35,28,14,2019-02-04T04:49:00Z,bucket06
77a16fc0c7f640f78853cabe9829df66,52,10,7,2019-02-04T04:54:00Z,bucket06
d0ed921e965d4d4f9bbd66e398e9646b,11,29,11,2019-02-04T04:55:00Z,bucket06
6da1ea49be394ba9b24c06566c796c0d,56,1,9,2019-02-04T04:57:00Z,bucket06
e8f6b9aa52514f7886e9e5258670ceaa,43,87,10,2019-02-04T05:09:00Z,bucket06
cbab1f8bddf2414fa03459df9e5f3504,17,35,13,2019-02-04T05:14:00Z,bucket06
128317e9a2054fc69d032720471e260a,29,58,16,2019-02-04T05:23:00Z,bucket06
f2d71d5089d94bd1b89aca0ddde09f5c,58,123,10,2019-02-04T06:22:00Z,bucket06
89ddca1bcf33409cb67a79c64f6e2906,28,43,11,2019-02-04T06:26:00Z,bucket06
bb8b6624fd89499d8ba257205ad701b2,72,43,11,2019-02-04T06:48:00Z,bucket06
8cdb99853ff1428d865f4e2f4b32c95f,123,58,11,2019-02-04T06:54:00Z,bucket06
357f3712c95f445287761096f4831400,127,81,9,2019-04-15T17:28:00Z,bucket06
fd8c44c334394c459dd6e0c4ee3765b5,115,57,3,2019-04-15T17:28:00Z,bucket06
3a81e563244e452583ee38c5cb15dd83,112,27,14,2019-04-15T17:29:00Z,bucket06
c46a44a2a72c4061ad13a65a9f42a5ce,28,10,5,2019-04-15T17:32:00Z,bucket06
5793892436ff464883c2d5d832c8028b,13,9,0,2019-04-15T17:38:00Z,bucket06
32f691b7093d4614bf5da0fd61c49e58,13,115,6,2019-04-15T17:42:00Z,bucket06
b45b8dfd471e4eb4a9cbdc096407f81d,28,112,12,2019-04-15T17:49:00Z,bucket06
4352c00cbecf41fd913d2121b5d0f2f6,27,38,13,2019-04-15T17:53:00Z,bucket06
eee01cef784b4fedb6c7ed523e111396,127,95,8,2019-04-15T17:56:00Z,bucket06
7d0827caad444497b97edac3ffe789c6,115,46,8,2019-04-15T18:00:00Z,bucket06
ff52fdc0a54d452db5b953af2df7b050,32,114,0,2019-04-15T18:04:00Z,bucket06
a5c581960aed4e648398716ab7e94f2a,114,98,13,2019-04-15T18:09:00Z,bucket06
486f8be029074c6d950eb4b450f3bbcd,32,28,1,2019-04-15T18:11:00Z,bucket06
94970a8490384934b2d237566b3d92b6,9,81,12,2019-04-15T18:17:00Z,bucket06
86a2a8241549414dbefe23651417ba70,28,27,13,2019-04-15T18:19:00Z,bucket06
980a060ce8304576b9a5517c5a241cb8,115,46,9,2019-04-15T18:20:00Z,bucket06
a6ad635f8d7547bb90c3dff227648fee,20,112,1,2019-04-15T18:20:00Z,bucket06
636ae8fb3dd745298b30dd4790f017b3,127,32,10,2019-04-15T18:21:00Z,bucket06
fd68d7a075c94866b0daeeadba27a235,95,112,17,2019-04-15T18:25:00Z,bucket06
e8fec56859f144e5abb892600f8a2acf,9,81,9,2019-04-15T18:44:00Z,bucket06
d4f16dddf5ef47819103927d86e8b31f,73,72,11,2019-04-15T18:49:00Z,bucket06
73093aaa702d4b1397c722568823e572,70,95,1,2019-04-15T18:51:00Z,bucket06
50bc7e614175481b8a3fb905c1a661f2,27,115,13,2019-04-15T18:53:00Z,bucket06
54aad743f7264d75b6ab696544b14c30,32,24,11,2019-04-15T18:55:00Z,bucket06
552eb2dc714945ae816787fbeff27c29,112,28,13,2019-04-15T19:05:00Z,bucket06
0459a3f36aed4e7fad15e9f1adc9ead1,9,115,1,2019-04-15T19:13:00Z,bucket06
10934248eb1344ff8b9177a02cb981fd,73,46,0,2019-04-15T19:18:00Z,bucket06
f3407db515bc457e9b5f7f0bb67449f8,95,57,14,2019-04-15T19:19:00Z,bucket06
fd223927cd18433c86581f3c228ba8a6,9,72,13,2019-04-15T19:23:00Z,bucket06
6eb43ab1b6db433186c2829f25c3ac33,28,115,8,2019-04-15T19:24:00Z,bucket06
9b08db4ae6a24e44b347414d4cbc606e,38,46,9,2019-04-15T19:27:00Z,bucket07
3655fe850ff54c2d900999a067c88041,73,32,11,2019-04-15T19:28:00Z,bucket07
b0ef76d613ea4a6ea34e5e74e5a63d1e,28,98,12,2019-04-15T19:43:00Z,bucket07
7a9419e3a5bf4c74a503112b46c300b3,95,27,18,2019-04-15T19:45:00Z,bucket07
7f9d00fd1cd8427cb7fd665d7aa9efbe,112,115,9,2019-04-15T19:48:00Z,bucket07
63670c703d9344598451a99eac7e902f,38,46,8,2019-04-15T19:50:00Z,bucket07
dd9297c0015440199e10f24cffc58de2,72,24,13,2019-04-15T19:54:00Z,bucket07
09dd230b5f57499f9fc284ed47e2caa7,114,73,14,2019-04-15T19:57:00Z,bucket07
aa38deadeb6545e8a72d79941f586563,56,98,12,2019-04-15T20:05:00Z,bucket07
eff81847f2ba47bdaae456353e4f820d,115,46,12,2019-04-15T20:06:00Z,bucket07
6751694e397c484497ebd70eabd015f3,38,95,4,2019-04-15T20:09:00Z,bucket07
b6a04e21f5774d43b954f4c40845acbc,81,112,14,2019-04-15T20:16:00Z,bucket07
2d1298be4f5a4baa85f5791a0f10da99,114,10,14,2019-04-15T20:21:00Z,bucket07
b3ba1d2af9034b938214e531e9927299,27,28,14,2019-04-15T20:21:00Z,bucket07
286426f81f89441cbfdfd893c36fce94,95,72,16,2019-04-15T20:24:00Z,bucket07
386a17e38f6844e4a584d739e2dc3e5a,98,77,13,2019-04-15T20:31:00Z,bucket07
95fd83584ee54a36a895924a21b5c3b0,115,9,10,2019-04-15T20:31:00Z,bucket07
c1223340720147369ad61c0ff11226b7,54,38,8,2019-04-15T20:36:00Z,bucket07
a42391f869da4bf79f26600791aa7eff,105,62,9,2019-04-15T20:37:00Z,bucket07
f3dd9b0284df463397891f9a8007c2e9,70,57,8,2019-04-15T20:41:00Z,bucket07
2ae599b9399149c2869b00caba85bae5,43,114,14,2019-04-15T20:43:00Z,bucket07
661cc4cb20ae4b5abe7ba11ae71ad389,85,46,12,2019-04-15T20:44:00Z,bucket07
ac6216eacf8b4d789dcb84aeed278284,13,72,12,2019-04-15T20:52:00Z,bucket07
dff38ab577214914bdb2601b7522500d,9,112,12,2019-04-15T20:53:00Z,bucket07
0fb942af739e46ba9a892873483697e3,27,30,11,2019-04-15T20:57:00Z,bucket07
e12c9d83d2ec4c0a8bd913cacaef52a3,105,95,14,2019-04-15T20:59:00Z,bucket07
960999ca5d27446499cec5ae429135ac,31,54,0,2019-04-15T21:00:00Z,bucket07
03b5399408ff492eb18c412f419dd9f4,31,46,2,2019-04-15T21:06:00Z,bucket07
7374a435ee604b39b91e57df93e54f95,115,54,9,2019-04-15T21:10:00Z,bucket07
b4fd8e357a2545f3a5c077493925b547,13,77,2,2019-04-15T21:16:00Z,bucket07
f98560c1554f4d4da5df89f4102c250d,30,85,0,2019-04-15T21:19:00Z,bucket07
c81ea2094e7b4dd08b29c31dbe0f4c8d,27,9,15,2019-04-15T21:19:00Z,bucket07
e25d51c37c7743429503e0e2e1ad9407,34,43,10,2019-04-15T21:21:00Z,bucket07
f286d5d5312a4af6aa558115accdeddc,95,28,17,2019-04-15T21:24:00Z,bucket07
f8ee412aff29468fbc08832865e322a0,38,30,8,2019-04-15T21:24:00Z,bucket07
ba1c86401676413e835cac4dd3240fd2,77,121,11,2019-04-15T21:27:00Z,bucket07
b1018718f5b445c3a892856764d9dca2,114,85,14,2019-04-15T21:27:00Z,bucket07
4a40dd0aaf0c49319d029d0a7690ce92,73,22,0,2019-04-15T21:29:00Z,bucket07
464ad015c4b843879f1b011cb320000b,73,6,12,2019-04-15T21:35:00Z,bucket07
fb30885902fc4ea1835e51dfab479024,115,81,14,2019-04-15T21:37:00Z,bucket07
06d2cf7b01c34c759d2ab9aac33e9d9d,54,22,8,2019-04-15T21:38:00Z,bucket07
eebfa96045ed4b39b6fb251298e34909,9,105,13,2019-04-15T21:42:00Z,bucket07
c9b4031775154acc885c3e2dfe364ff9,27,77,13,2019-04-15T21:44:00Z,bucket07
fe5c114175984debaf834616c1b1f0c8,95,28,13,2019-04-15T21:47:00Z,bucket07
63a6836c51a343fbaa412b9c4b3d33b5,121,114,7,2019-04-15T21:47:00Z,bucket07
d8dd8c44ee364ab89dd8b2c52b818fbf,10,85,0,2019-04-15T21:53:00Z,bucket07
80aedb4125374b49b1764e9927376ca9,22,115,0,2019-04-15T22:00:00Z,bucket07
e78089e53803475db1aeb5c911cb48c9,13,46,8,2019-04-15T22:03:00Z,bucket07
37a8233d21c744b2997af8b7905fc0e3,32,56,8,2019-04-15T22:04:00Z,bucket07
b5d20731cfa245bda79fe74b8a5b6dea,85,77,13,2019-04-15T22:06:00Z,bucket07
c2ce8e594a2f4041ab3b8601cbd7223d,22,115,1,2019-04-15T22:06:00Z,bucket07
e43957e3e2ea47b9ad153d799dae2730,9,27,4,2019-04-15T22:09:00Z,bucket07
01db934805f4481db987b3f692f95787,24,22,15,2019-04-15T22:14:00Z,bucket07
bfd3689d661b45a3921bfbbf367668ca,121,105,7,2019-04-15T22:17:00Z,bucket07
598c7c22c5184b8e953f9be4ef8c75e9,115,46,11,2019-04-15T22:25:00Z,bucket07
f6c6dfe13f3a4e169d6da44551001ab3,81,77,15,2019-04-15T22:27:00Z,bucket07
85e9459b9f0841a3bbbbef59e1a7e988,9,33,12,2019-04-15T22:29:00Z,bucket07
488a5d7d55c94295899fed83a4006d64,32,10,9,2019-04-15T22:31:00Z,bucket07
d96cd9cb580341a8b593e9784225e51b,95,28,16,2019-04-15T22:31:00Z,bucket07
a8402c1963a04309b67ac61bbd4c9673,121,105,13,2019-04-15T22:32:00Z,bucket07
274e5407481240ba96dd417e67c03ec9,27,61,15,2019-04-15T22:36:00Z,bucket07
adfd14f7d18a47309a8be7a449d0056e,56,85,10,2019-04-15T22:41:00Z,bucket07
79967355aef7472a99b00fb632b0cc47,112,46,15,2019-04-15T22:45:00Z,bucket07
c965ab767bd3415e958c5606d53a3fe0,104,73,11,2019-04-15T22:47:00Z,bucket07
ec158cffba5b4ea2a4d6457bdc7cc5cf,115,66,9,2019-04-15T22:49:00Z,bucket07
f7ab321a91254579867bb248f3533e03,95,81,18,2019-04-15T22:51:00Z,bucket07
7306d624a3444244a75b95b8fdb6e503,28,9,13,2019-04-15T22:54:00Z,bucket07
a9957592c5fa43cfab6373943470292b,33,105,14,2019-04-15T23:01:00Z,bucket07
fe5eaa07378646c493bfd9c1c7bba16b,61,72,7,2019-04-15T23:02:00Z,bucket07
975fec9ea82040e0a544d9bebd3659d7,112,46,13,2019-04-15T23:05:00Z,bucket07
4eb4e502355746f1a15d991f1babcbc2,66,73,0,2019-04-15T23:11:00Z,bucket07
d847a43e09aa484898b3ec79abe33e0e,56,73,11,2019-04-15T23:16:00Z,bucket07
bfced32c65164e668b9c5c5822c255df,28,95,15,2019-04-15T23:17:00Z,bucket07
132376032695446aafdc4fb34b136aac,115,9,10,2019-04-15T23:20:00Z,bucket07
489aadff3f314a968e966b4a5a95860e,72,46,0,2019-04-15T23:24:00Z,bucket07
8b5deae1bb88421f9bb6c3ff6949f8f4,38,66,4,2019-04-15T23:28:00Z,bucket07
0d02ece2b02d45dea9147de5a3c321d6,72,33,10,2019-04-15T23:30:00Z,bucket07
a75a5b16c8b64a97a89a7de3cf832c1a,95,46,13,2019-04-15T23:38:00Z,bucket07
88b44b5a0d5d41498d9770931397f533,28,81,17,2019-04-15T23:38:00Z,bucket07
3a1ea475042a4d73869915dcc6fcb6d3,66,38,12,2019-04-15T23:44:00Z,bucket08
e9ce697500e34b8f80764ceca5ca5934,95,72,18,2019-04-16T00:07:00Z,bucket08
be6589e457ee4411a927a6d90c19fffe,126,104,12,2019-04-16T00:13:00Z,bucket08
1fe6adf0c7c844ab91eea965c2cbd025,121,46,12,2019-04-16T00:17:00Z,bucket08
49a6fb33f3034b528e3582054a9f7dca,25,105,7,2019-04-16T00:20:00Z,bucket08
c1026f8930eb4db0a0bbcc457d23fc3d,62,81,12,2019-04-16T00:22:00Z,bucket08
0012821c6eb042fab342bcfedf28b732,28,27,17,2019-04-16T00:24:00Z,bucket08
788373ae8b5140ac95b05fb38dd6ddcc,54,95,10,2019-04-16T00:30:00Z,bucket08
c2edd3cb6ef34c07bce4e3a49bc7ed06,72,17,14,2019-04-16T00:34:00Z,bucket08
23257623846d4db79d17ac0c9a112342,127,121,13,2019-04-16T00:38:00Z,bucket08
548579c676e5470f91680b79754bc7bb,115,66,10,2019-04-16T00:41:00Z,bucket08
17cfa0e42b62499c8754780aa1e51f60,81,126,12,2019-04-16T00:44:00Z,bucket08
f75977657bbf42f9ae9c2e9d7cde583a,119,46,0,2019-04-16T00:45:00Z,bucket08
04bf8e0ca4184de3b487ca4848df3619,38,46,12,2019-04-16T00:48:00Z,bucket08
8436a0a56e384fdd8ec6879a72eb3572,54,95,14,2019-04-16T00:50:00Z,bucket08
6d99874b79b64d2281c386b9bc503064,73,105,13,2019-04-16T00:50:00Z,bucket08
09da9717d67f41ac99b6c6c6c2865939,122,70,4,2019-04-16T00:58:00Z,bucket08
c0a79edb96b947a7b072558512a306d0,98,77,11,2019-04-16T01:02:00Z,bucket08
3d2c9ee0b31a474ba9c7437428a5fbf1,72,121,17,2019-04-16T01:04:00Z,bucket08
a0d3f3d7addb4fa5b8537ec8f542f535,115,17,13,2019-04-16T01:04:00Z,bucket08
16cb3bb53b7a4069ac1b69cd169d5754,58,81,11,2019-04-16T01:07:00Z,bucket08
de04a2d325004948b7a0115e73adc608,54,127,13,2019-04-16T01:11:00Z,bucket08
c0b01c39a75540feb265df6a8e0281c5,73,95,14,2019-04-16T01:16:00Z,bucket08
ec1ef0b5d4c84feca8151b6790d4576a,28,27,15,2019-04-16T01:19:00Z,bucket08
3ff3a735cae54c84bed9aab17ad53ddc,105,122,12,2019-04-16T01:22:00Z,bucket08
391ea09150f34fd4b27ef784c0e83845,70,98,6,2019-04-16T01:23:00Z,bucket08
232937bc667a4cf79da7ce989a847c29,38,17,11,2019-04-16T01:35:00Z,bucket08
7ff6280aa5cd4cc8afd8bac9ee794445,27,34,17,2019-04-16T01:41:00Z,bucket08
f9c2632b98804b44846243d6ab137505,73,98,14,2019-04-16T01:43:00Z,bucket08
47a8f7251e2f49ef932997ded2d57e95,72,38,13,2019-04-16T01:58:00Z,bucket08
8c85350d02af4151ac1552dda645a163,66,56,10,2019-04-16T02:00:00Z,bucket08
6f3109de2f9b4fe1be0fa53f8f19b473,17,27,13,2019-04-16T02:05:00Z,bucket08
faf5e0d4e48541ff9f8519acb86c0272,52,115,8,2019-04-16T02:16:00Z,bucket08
5cb63d943a9f4027be8912c77f6f512a,66,72,0,2019-04-16T02:28:00Z,bucket08
037e1a8581954c179f20929cba32f4b0,66,27,13,2019-04-16T02:33:00Z,bucket08
13b2211fbc964cefbdd6e9acf62232f7,72,28,15,2019-04-16T02:35:00Z,bucket08
e3e2e7e964594b0c97ee482bb79a1216,115,52,11,2019-04-16T02:48:00Z,bucket08
8d5e0f0e48224be090a7122af200798f,72,28,16,2019-04-16T03:05:00Z,bucket08
dea0f4cbebbe4ee38ec0dd65c63cbc24,72,52,12,2019-04-16T03:33:00Z,bucket08
557e3179a87940b0bcf40b20e11de565,52,72,9,2019-04-16T03:58:00Z,bucket08
06dd3ae54e67401b993ff740c8e14076,61,81,0,2019-04-16T18:33:00Z,bucket08
b055ebc799034963988259d025ea58d1,22,127,0,2019-04-16T18:35:00Z,bucket08
11d31b3bf7f74762a40d96b52b5675f5,33,77,11,2019-04-16T18:37:00Z,bucket08
727cf81bdcaa4f64ade4c9ccd802cc04,52,39,12,2019-04-16T18:37:00Z,bucket08
35afeea566d44c589bd519b616617444,81,22,14,2019-04-16T18:40:00Z,bucket08
fac8b99d7227412c9b86a1456a4d03ae,50,127,0,2019-04-16T18:44:00Z,bucket08
2f994a98ceb74a24b9e0c3b199e62687,9,10,13,2019-04-16T18:46:00Z,bucket08
b560adeb283e4c9a9ed60c1042dc06ee,127,115,11,2019-04-16T18:48:00Z,bucket08
f365aaee0ace4f52bd87f3216bc0a85b,38,98,0,2019-04-16T18:52:00Z,bucket08
3c9c600d02824b5485a924204e97747c,17,56,14,2019-04-16T18:53:00Z,bucket08
ee3538fa06f54e3c9a887be2d282c48b,114,57,12,2019-04-16T18:55:00Z,bucket08
76f7922489404728b7f1fcd59d579480,112,34,8,2019-04-16T18:56:00Z,bucket08
9ffebb4757974058970b469313b8bdd8,38,53,11,2019-04-16T18:57:00Z,bucket08
259603d4b0f74ce79d007414fd879d42,52,39,7,2019-04-16T18:57:00Z,bucket08
d5adc444528246c88f978194da00668a,95,98,16,2019-04-16T18:58:00Z,bucket08
9b7ce4aab34141d89ce64c49b4471b81,81,27,12,2019-04-16T19:00:00Z,bucket08
f104355449564f3ebe7e4c4783388e52,28,46,12,2019-04-16T19:01:00Z,bucket08
4f3ff8d86b3f4e7196bba5d273c18b2f,32,33,8,2019-04-16T19:09:00Z,bucket08
f26899e068fb4fabbfb0788a493dc971,9,50,12,2019-04-16T19:13:00Z,bucket08
9938cdf99f37409e86a9aa3c62102a50,114,127,15,2019-04-16T19:15:00Z,bucket08
57211904323040098056adde80a37f5f,112,122,15,2019-04-16T19:19:00Z,bucket08
dc095835b60642cdac1d5aa3660be706,38,81,9,2019-04-16T19:21:00Z,bucket08
4cd740787c7641cb85b139cc80a7b847,115,27,10,2019-04-16T19:22:00Z,bucket08
52e59128e56741078f5084ebf73f2539,98,95,11,2019-04-16T19:23:00Z,bucket08
183736df5a9343589d9a7d74d108c177,10,46,14,2019-04-16T19:24:00Z,bucket08
a9297e82a2ff496fb80d9160c13bc6ef,28,32,15,2019-04-16T19:34:00Z,bucket08
80e85c529e3a47cfbbddcf59b7b39bab,112,127,12,2019-04-16T19:39:00Z,bucket08
45dfd9fc0c7f4f8bbcd7d846bf5376e9,39,114,0,2019-04-16T19:40:00Z,bucket08
b5a0ffd25844465eb41dfede1a85036c,34,9,8,2019-04-16T19:41:00Z,bucket08
e45ffed282b1404a936bb5839a8f3ca2,27,57,14,2019-04-16T19:42:00Z,bucket08
66543883799144efaa139bce65b64f50,62,38,13,2019-04-16T19:42:00Z,bucket08
cc5654af12674fcb993098722df50ba7,114,53,14,2019-04-16T19:45:00Z,bucket08
848ccbd909454666b17c8d00b01563f2,17,115,14,2019-04-16T19:45:00Z,bucket08
bf0ff4adbda34e6e9462847deaf419e0,33,39,14,2019-04-16T19:47:00Z,bucket08
c54d867b634b41b18150547f14ed1884,22,122,13,2019-04-16T19:51:00Z,bucket08
444f4f6ec5af497ab7fda64cb3b74662,52,95,8,2019-04-16T19:53:00Z,bucket08
24c9fe144be1456b816a81326d78c811,105,77,15,2019-04-16T19:54:00Z,bucket08
9161027be6a447c4a0174268ace3a9bb,32,28,12,2019-04-16T19:59:00Z,bucket08
a5ac7c67d1db4e57869e5f7eab5587ef,9,34,14,2019-04-16T20:03:00Z,bucket08
d836851a84c2464fbe442dd63bb89cbf,53,56,7,2019-04-16T20:04:00Z,bucket08
8ddfaee608104fe88343046631c76bd0,62,114,13,2019-04-16T20:06:00Z,bucket09
755f46062b0e41d48b9b1a3c5a1effab,98,112,12,2019-04-16T20:09:00Z,bucket09
d4f477f0b2a54bb1aa154f482014c02a,27,17,14,2019-04-16T20:10:00Z,bucket09
0f98899fc6124c18b296a312e2ed0f71,95,38,14,2019-04-16T20:12:00Z,bucket09
83dcc1dd334a4e1896918eeceab80e45,33,81,13,2019-04-16T20:15:00Z,bucket09
529b4b7bc69e483eab40031aaea4e436,77,52,12,2019-04-16T20:16:00Z,bucket09
2c3240822d5347568cf779053ebcf8a8,25,85,11,2019-04-16T20:19:00Z,bucket09
f5c3bca200e047719ac350373a27955d,24,58,14,2019-04-16T20:23:00Z,bucket09
c6dfe0da77aa43c49bfc22a60eb84bad,28,39,15,2019-04-16T20:25:00Z,bucket09
f362ca1e6d0a412eb7f1ef2b8d5fb879,105,53,9,2019-04-16T20:27:00Z,bucket09
31df958a18514b4fac91bca01fe22615,114,46,14,2019-04-16T20:28:00Z,bucket09
450ccd5938de4ed7bc18e0fbb74342b3,69,62,14,2019-04-16T20:29:00Z,bucket09
54f773167b794df6b3b3d86b35e4f116,9,34,13,2019-04-16T20:31:00Z,bucket09
6b4dd8640764461e87e340d09c0a62ad,98,115,13,2019-04-16T20:33:00Z,bucket09
439448f074094e43ae59888b6d72ffc7,25,17,12,2019-04-16T20:35:00Z,bucket09
99010444d58b4f3682a5df64df9375c4,72,95,13,2019-04-16T20:37:00Z,bucket09
a40866f506e647ccb0c6eadf7e4343f7,38,52,0,2019-04-16T20:39:00Z,bucket09
881c4050c3ae44cb989f12447aea7f4a,38,27,11,2019-04-16T20:46:00Z,bucket09
0b40c3232c244ce4aed8acafc08a6092,114,46,18,2019-04-16T20:47:00Z,bucket09
fcf4fcf9fdac4368a8495f30df8bda96,28,22,12,2019-04-16T20:51:00Z,bucket09
780ece36821d4498952cea38511b8ee4,104,57,5,2019-04-16T20:53:00Z,bucket09
1c40b1c6eca544e888f38f75cb7d1ce3,25,17,12,2019-04-16T20:53:00Z,bucket09
235bc80094f5436cab8c0be40aca9221,33,69,14,2019-04-16T20:54:00Z,bucket09
77f097185d124634b1d204a6d6610bf2,77,9,12,2019-04-16T20:55:00Z,bucket09
2231c173af7b4e30ba3db97b63700f6e,62,61,12,2019-04-16T20:55:00Z,bucket09
19bc8c4202be4c6fac10c948c019e7f6,52,112,13,2019-04-16T20:57:00Z,bucket09
2fd4b56d4501424f8c3134640f0b4b07,85,39,12,2019-04-16T21:00:00Z,bucket09
be28d9abf45c4b1ab3a0d9b3e49806bb,56,34,11,2019-04-16T21:03:00Z,bucket09
4e689c781ca546d191e361896d24576b,72,95,12,2019-04-16T21:06:00Z,bucket09
11098f2651cc4c7abda1da3368771939,6,114,12,2019-04-16T21:08:00Z,bucket09
a15171d4fb2d48b88437c9da15215006,32,46,14,2019-04-16T21:10:00Z,bucket09
cc31c697eaba4582a14042380bc96db7,27,22,17,2019-04-16T21:11:00Z,bucket09
20c32b3806b64d5fb1e045d5bd4ac4ba,28,81,13,2019-04-16T21:12:00Z,bucket09
fa891dbb602a43afb5a89ab055fe447a,53,127,12,2019-04-16T21:13:00Z,bucket09
06a01f49cc90411baf5dec3b610b22fe,77,25,13,2019-04-16T21:13:00Z,bucket09
c1a65070f1ab4406948805a68673bb94,9,17,8,2019-04-16T21:15:00Z,bucket09
fc864494cc394ce19805686f62978e94,62,61,11,2019-04-16T21:16:00Z,bucket09
d778feaff62d4c4abef6c6ea3e1b7613,112,10,11,2019-04-16T21:20:00Z,bucket09
92d3adc6843b454d8a86ae97a057db4f,24,33,10,2019-04-16T21:21:00Z,bucket09
c3c9de4f01cd4b91b491672f8150df0a,121,39,9,2019-04-16T21:25:00Z,bucket09
e6a4527aa4c748a18542f8a2fd1ad69e,98,34,13,2019-04-16T21:30:00Z,bucket09
2090da3b55e34d72aab1d49bf29f8a57,85,56,11,2019-04-16T21:31:00Z,bucket09
717fb9a68f434baca47ec06aba38fa8a,25,77,9,2019-04-16T21:32:00Z,bucket09
1916d30c117b47b0aa88b184dcea29fb,72,95,15,2019-04-16T21:34:00Z,bucket09
ea57e4f6bbda437c9f6b77fdfde78cf1,81,61,15,2019-04-16T21:35:00Z,bucket09
9b2b2f62da344ccabc5c369f17219fd0,114,22,13,2019-04-16T21:37:00Z,bucket09
5b61f73ba2a54c50aa459324a7efaf4c,115,9,12,2019-04-16T21:39:00Z,bucket09
8f4f97b44768437f859f589a5cb0e979,53,46,14,2019-04-16T21:41:00Z,bucket09
6259ac8d68794a21a8f914fe74b3894f,28,104,13,2019-04-16T21:43:00Z,bucket09
9552e756f4ef4b25bd7f623417e00f74,13,39,8,2019-04-16T21:46:00Z,bucket09
33876214d33747c2aa85bd3c61c1ef65,122,57,12,2019-04-16T21:47:00Z,bucket09
6f5e31536c3546d084fbaa6a853a65b8,17,25,12,2019-04-16T21:51:00Z,bucket09
488e5a10ac834451a051d614b98e92bf,56,114,10,2019-04-16T21:55:00Z,bucket09
08310b9270e04a3cbcf1d265ea530aec,61,81,3,2019-04-16T21:55:00Z,bucket09
58a0b3282ab542aa92ef9216cbdb6d52,22,6,6,2019-04-16T21:58:00Z,bucket09
8aa200a8e5d441f6be9c10fd0bc60cc5,52,9,13,2019-04-16T21:59:00Z,bucket09
6f92811012a2478283c51f9410b9533d,98,32,11,2019-04-16T21:59:00Z,bucket09
d9340f49c0164d99ba92bbd047ef2c16,95,72,15,2019-04-16T22:01:00Z,bucket09
d41132f8185a43c7954738282bcf3e71,53,46,12,2019-04-16T22:02:00Z,bucket09
2875c3e1bd454541858c86e904097816,28,115,14,2019-04-16T22:05:00Z,bucket09
19f6cdf85101480cb4e175a44df0fec0,77,39,12,2019-04-16T22:08:00Z,bucket09
2bf7b173a6504ba28773144353172028,112,13,11,2019-04-16T22:09:00Z,bucket09
dc20d1b4d3cb4fb28a2d2ee11c9beddc,61,87,1,2019-04-16T22:09:00Z,bucket09
d64f44c35274417a9669e9a4aaf186de,85,67,3,2019-04-16T22:10:00Z,bucket09
089dfae7f81d41399e90dd07db5b616c,33,27,16,2019-04-16T22:13:00Z,bucket09
7e8c7428dde145ddb40645142a1591bf,62,25,12,2019-04-16T22:14:00Z,bucket09
467530f6d383494cabb97dee92dc5f09,52,9,14,2019-04-16T22:20:00Z,bucket09
93c57502794d48e68e57895d7f2b5363,22,114,12,2019-04-16T22:21:00Z,bucket09
5d21868768d441ac940ef19670004796,95,72,15,2019-04-16T22:23:00Z,bucket09
e3d814684ecf49a997c753ffee5eb641,17,77,13,2019-04-16T22:25:00Z,bucket09
1fce7303c1444dcc83e277c945b19e9a,54,85,11,2019-04-16T22:31:00Z,bucket09
6ed558563fbf44bfa008905210e7bbb8,28,39,14,2019-04-16T22:33:00Z,bucket09
737b35b5330b4ab1bfa884793e85a656,24,25,11,2019-04-16T22:34:00Z,bucket09
b08fb500df364caca013508de08d71cc,81,56,14,2019-04-16T22:38:00Z,bucket09
5edeb57bf613451ba90168ab7f352335,127,87,9,2019-04-16T22:41:00Z,bucket09
13ed10439cde4508a8589236dd39a316,57,9,15,2019-04-16T22:41:00Z,bucket09
b744847812f54e9fbd2d742221fbeda1,17,77,11,2019-04-16T22:45:00Z,bucket09
84ddc8115c564d79892c3d573d8f476c,95,114,16,2019-04-16T22:45:00Z,bucket09
dbcc50621986490d858037b245578fea,6,10,10,2019-04-16T22:47:00Z,bucket09
8e7bb681b163464cb3091bf9713a93b5,13,122,11,2019-04-16T22:50:00Z,bucket10
e934fe6fabac4e048453daaf9144ab0e,72,53,14,2019-04-16T22:51:00Z,bucket10
20d5749d234543deb715e6eb73532aae,67,46,10,2019-04-16T22:52:00Z,bucket10
6eba1a157d85441eb8e449738bad486b,54,28,12,2019-04-16T22:56:00Z,bucket10
0a23702eacf4495fa1a8d8e97dec9744,8,22,3,2019-04-16T22:57:00Z,bucket10
31fc67c0770440918671c3481b3abf71,110,115,12,2019-04-16T22:58:00Z,bucket10
a236a91464f04ccdb4f65271512b43dc,81,85,13,2019-04-16T23:00:00Z,bucket10
de1ab567fdff4db3a5799bf0dbf06ac5,9,77,8,2019-04-16T23:04:00Z,bucket10
9d6ba5ba8b8a4d00ac3ced7b8add1656,56,25,13,2019-04-16T23:05:00Z,bucket10
a1bc6b74228e49f794b39252c13410bd,95,98,17,2019-04-16T23:08:00Z,bucket10
af70633fde15437e92cb8c0114a82a3c,17,114,16,2019-04-16T23:08:00Z,bucket10
d0cc00ce6bce41088e94051c0268fb47,127,69,13,2019-04-16T23:09:00Z,bucket10
451f07c7836e4939bc7fcc08e13da9ca,100,8,5,2019-04-16T23:11:00Z,bucket10
902ca0e3a8bb4cc3826018aaac263170,58,22,13,2019-04-16T23:12:00Z,bucket10
9e22c9a661724e4dad55bddab80fdbd2,24,46,15,2019-04-16T23:15:00Z,bucket10
f57c97ac7f4443219fb6e8a136b0014a,6,54,11,2019-04-16T23:17:00Z,bucket10
4badd8016859476dbb7af21530e747a6,115,61,8,2019-04-16T23:18:00Z,bucket10
9859af5f57cd499cb0aa2258b0460b44,53,81,15,2019-04-16T23:20:00Z,bucket10
9b9c5638bd9e48ebab53dbdaa91bf1c2,34,32,13,2019-04-16T23:21:00Z,bucket10
2502280847b44d77bf298cf76413a906,72,110,11,2019-04-16T23:24:00Z,bucket10
ca5f6e03568846239f6261de399fa961,27,114,17,2019-04-16T23:27:00Z,bucket10
b41e7cc2b2c045fab1e79a643e18c525,112,121,16,2019-04-16T23:29:00Z,bucket10
b044f7e5a8ba4279bcb0d792fdd78672,8,9,11,2019-04-16T23:30:00Z,bucket10
9d5400e526eb478bbb4e8fff83156c3b,57,95,1,2019-04-16T23:32:00Z,bucket10
3036146643a343bbb577fbdb66e52074,77,98,12,2019-04-16T23:34:00Z,bucket10
c27ffd7ff215491c9761599415cba092,22,25,11,2019-04-16T23:37:00Z,bucket10
8ae7a465697b4500b8dedaeebfed8290,57,69,18,2019-04-16T23:39:00Z,bucket10
5347834f1cb94eb1aa15482be2e9bb61,39,61,12,2019-04-16T23:40:00Z,bucket10
712cfa4ac6c147c18b40b06143b2210b,33,28,15,2019-04-16T23:41:00Z,bucket10
8a833edb0a984706ad036646edf87c5b,95,46,16,2019-04-16T23:43:00Z,bucket10
a765d1816d0a48f0bfedd2057d869d99,58,127,11,2019-04-16T23:45:00Z,bucket10
85963726a34641caa776bc43e39832ee,53,6,15,2019-04-16T23:46:00Z,bucket10
be037269a83b4ae68273bd44fb555da6,77,17,11,2019-04-16T23:52:00Z,bucket10
62f8f091ea6844c2ac2d382d3abd3892,9,98,12,2019-04-16T23:54:00Z,bucket10
b30b0f6318e1474e86bf7cc67d19632e,121,72,16,2019-04-16T23:56:00Z,bucket10
57b63169801e45549f0020bc9459840f,57,109,16,2019-04-16T23:59:00Z,bucket10
641602d584ba4cfbbff50eea10ad84fd,112,46,16,2019-04-17T00:02:00Z,bucket10
acc65c798ff4425298d2b5e27b76ecc9,115,39,12,2019-04-17T00:04:00Z,bucket10
27b956eb5a6c42be8c3dbeb39eb75095,122,25,16,2019-04-17T00:05:00Z,bucket10
8e5fe4d8239e4e1f9eb1d2a2721ea741,81,85,15,2019-04-17T00:07:00Z,bucket10
05b1b31f659d49f191587d7175649937,27,54,14,2019-04-17T00:08:00Z,bucket10
91403c80c5224d3cbe4b21dd30f1ebc1,53,13,15,2019-04-17T00:12:00Z,bucket10
0489a8b533434be5bb50d237ad7787c3,127,57,13,2019-04-17T00:19:00Z,bucket10
38acd913a31c49c5bf6aeb36a3aece42,58,34,11,2019-04-17T00:20:00Z,bucket10
28a2dea08988447eb9960ea63b1fa758,72,98,14,2019-04-17T00:20:00Z,bucket10
f58bd5b699d74237a88a949e8363106b,6,9,13,2019-04-17T00:21:00Z,bucket10
c86809413f81495a8f5066598f2cb0bc,17,46,11,2019-04-17T00:21:00Z,bucket10
927af68cbb914a2cb3d4bedb2a55c5e7,114,95,18,2019-04-17T00:23:00Z,bucket10
902f8621d33c49689eb57de50d30336d,115,109,10,2019-04-17T00:25:00Z,bucket10
e7e31103ecab4d85927c773ff0d97aae,56,27,7,2019-04-17T00:33:00Z,bucket10
a5df7067fa754dc8ad7b12d4e7e1a225,87,8,9,2019-04-17T00:37:00Z,bucket10
17ee0775450642a8b955424662f53ef4,52,38,13,2019-04-17T00:39:00Z,bucket10
d1619c57a13346bfb1780c6f5b912848,110,17,12,2019-04-17T00:40:00Z,bucket10
ee4a832e271b472db3e97ef1903e3e33,115,109,11,2019-04-17T00:41:00Z,bucket10
5c42683606cb4a4fbc7732a534ba351a,95,28,15,2019-04-17T00:43:00Z,bucket10
47b4233b28b64ef3b8c29d25a924cfba,33,46,15,2019-04-17T00:43:00Z,bucket10
5e214872fc9b4fdf87a88d4432d4e22f,6,9,13,2019-04-17T00:49:00Z,bucket10
13ac97a89c744b5ca8a7077d2e5fc5ab,87,8,10,2019-04-17T00:55:00Z,bucket10
3abaf8007efe4b01a618eb4ddfb3b2ff,72,115,11,2019-04-17T00:58:00Z,bucket10
6faa2da8cd7246e59050f9c0b5d6bd35,38,52,7,2019-04-17T01:04:00Z,bucket10
37fa134cac8f4871afca1f72c4101d98,110,28,16,2019-04-17T01:05:00Z,bucket10
2077c059b06c4cd2b086774f5276de35,58,114,7,2019-04-17T01:12:00Z,bucket10
02995ab0136d459eb31625a49e1063a7,87,24,12,2019-04-17T01:13:00Z,bucket10
62d424ef7eca4717ac2a794b52d0f94d,115,6,12,2019-04-17T01:22:00Z,bucket10
96c8e2ad7320450ea24980b1a581605a,38,72,12,2019-04-17T01:25:00Z,bucket10
d6e00f1caff34231951cc5fbaaa9d76d,87,58,9,2019-04-17T01:34:00Z,bucket10
cdfa214389024ab0974d6acce4eb7c1c,28,114,13,2019-04-17T01:34:00Z,bucket10
c17698aface7492c9c0ce249a59d8897,38,115,10,2019-04-17T01:46:00Z,bucket10
14152e6ad2844a58b636159d2d986c6f,85,72,13,2019-04-17T01:59:00Z,bucket10
84760eff5c1d49bd907303bad7f19e9d,38,115,10,2019-04-17T02:06:00Z,bucket10
f1dce9fe0d624ca1975e2480f57e1971,114,24,19,2019-04-17T02:19:00Z,bucket10
43b41dcc61cf477fa5570e05895f694a,81,85,14,2019-04-17T02:24:00Z,bucket10
f74e7e9d221f4598aa8c319b72149190,72,115,11,2019-04-17T02:26:00Z,bucket10
e10402d012534e2983091705b522336f,52,114,1,2019-04-17T02:44:00Z,bucket10
77957c12dd514d6a93ff34ebf108d715,81,24,14,2019-04-17T02:47:00Z,bucket10
5cf0b6ef11664d8cb47e2edca48111cc,72,28,14,2019-04-17T02:53:00Z,bucket10
def8bc40780545e8ba80c8af6a3525b3,114,17,14,2019-04-17T02:54:00Z,bucket10
a81f0109b8d54275a394708c46744aab,72,24,12,2019-04-17T03:19:00Z,bucket10
f0051f2d7bb04d488a951fccc88e317d,28,110,15,2019-04-17T03:19:00Z,bucket10
b1aa876ae6ca4f508b0f563f6239fb15,110,52,10,2019-04-17T03:43:00Z,bucket10
